{"v":"5.4.2","fr":60,"ip":0,"op":89,"w":500,"h":500,"nm":"book","ddd":0,"assets":[],"layers":[{"ddd":0,"ind":1,"ty":4,"nm":"book Outlines - Group 7","sr":1,"ks":{"o":{"a":0,"k":100,"ix":11},"r":{"a":0,"k":0,"ix":10},"p":{"a":0,"k":[294.491,234.977,0],"ix":2},"a":{"a":0,"k":[29.69,21.555,0],"ix":1},"s":{"a":0,"k":[700,700,100],"ix":6}},"ao":0,"shapes":[{"ty":"gr","it":[{"ind":0,"ty":"sh","ix":1,"ks":{"a":1,"k":[{"i":{"x":0.667,"y":1},"o":{"x":0.333,"y":0},"n":"0p667_1_0p333_0","t":42,"s":[{"i":[[0,0],[0,0],[0,0],[0,0],[0,0],[0,0]],"o":[[0,0],[0,0],[0,0],[0,0],[0,0],[0,0]],"v":[[6.355,7.827],[0.001,7.827],[-6.355,7.827],[-6.355,-7.827],[0.365,-7.827],[6.355,-7.827]],"c":true}],"e":[{"i":[[0,0],[2.295,0.016],[0,0],[0,0],[-2.739,-0.035],[0,0]],"o":[[0,0],[-2.134,-0.015],[0,0],[0,0],[1.904,0.025],[0,0]],"v":[[0.424,7.816],[-3.007,6.554],[-6.355,7.827],[-6.355,-7.827],[-2.76,-9.104],[0.407,-7.831]],"c":true}]},{"i":{"x":0.667,"y":1},"o":{"x":0.333,"y":0},"n":"0p667_1_0p333_0","t":50,"s":[{"i":[[0,0],[2.295,0.016],[0,0],[0,0],[-2.739,-0.035],[0,0]],"o":[[0,0],[-2.134,-0.015],[0,0],[0,0],[1.904,0.025],[0,0]],"v":[[0.424,7.816],[-3.007,6.554],[-6.355,7.827],[-6.355,-7.827],[-2.76,-9.104],[0.407,-7.831]],"c":true}],"e":[{"i":[[0,0],[-0.969,-0.837],[0,0],[0,0],[1.021,0.945],[0,0]],"o":[[0,0],[1.256,1.085],[0,0],[0,0],[-0.942,-0.872],[0,0]],"v":[[-10.178,4.295],[-8.379,6.418],[-6.355,7.827],[-6.355,-7.827],[-8.163,-8.941],[-10.253,-11.427]],"c":true}]},{"i":{"x":0.667,"y":1},"o":{"x":0.333,"y":0},"n":"0p667_1_0p333_0","t":56,"s":[{"i":[[0,0],[-0.969,-0.837],[0,0],[0,0],[1.021,0.945],[0,0]],"o":[[0,0],[1.256,1.085],[0,0],[0,0],[-0.942,-0.872],[0,0]],"v":[[-10.178,4.295],[-8.379,6.418],[-6.355,7.827],[-6.355,-7.827],[-8.163,-8.941],[-10.253,-11.427]],"c":true}],"e":[{"i":[[0,0],[-1.686,-0.543],[0,0],[0,0],[2.632,0.689],[0,0]],"o":[[0,0],[2.135,0.688],[0,0],[0,0],[-0.745,-0.195],[0,0]],"v":[[-13.708,5.688],[-10.17,6.975],[-6.355,7.827],[-6.355,-7.827],[-10.095,-8.507],[-13.781,-9.993]],"c":true}]},{"i":{"x":0.667,"y":1},"o":{"x":0.333,"y":0},"n":"0p667_1_0p333_0","t":58,"s":[{"i":[[0,0],[-1.686,-0.543],[0,0],[0,0],[2.632,0.689],[0,0]],"o":[[0,0],[2.135,0.688],[0,0],[0,0],[-0.745,-0.195],[0,0]],"v":[[-13.708,5.688],[-10.17,6.975],[-6.355,7.827],[-6.355,-7.827],[-10.095,-8.507],[-13.781,-9.993]],"c":true}],"e":[{"i":[[0,0],[0,0],[0,0],[0,0],[0,0],[0,0]],"o":[[0,0],[0,0],[0,0],[0,0],[0,0],[0,0]],"v":[[-19.002,7.777],[-12.857,7.811],[-6.355,7.827],[-6.355,-7.827],[-12.993,-7.856],[-19.073,-7.843]],"c":true}]},{"i":{"x":0.667,"y":1},"o":{"x":0.333,"y":0},"n":"0p667_1_0p333_0","t":65,"s":[{"i":[[0,0],[0,0],[0,0],[0,0],[0,0],[0,0]],"o":[[0,0],[0,0],[0,0],[0,0],[0,0],[0,0]],"v":[[-19.002,7.777],[-12.857,7.811],[-6.355,7.827],[-6.355,-7.827],[-12.993,-7.856],[-19.073,-7.843]],"c":true}],"e":[{"i":[[0,0],[0,0],[0,0],[0,0],[0,0],[0,0]],"o":[[0,0],[0,0],[0,0],[0,0],[0,0],[0,0]],"v":[[-19.002,7.777],[-12.857,7.811],[-6.355,7.827],[-6.355,-7.827],[-12.993,-7.856],[-19.073,-7.843]],"c":true}]},{"t":88}],"ix":2},"nm":"Path 1","mn":"ADBE Vector Shape - Group","hd":false},{"ty":"st","c":{"a":0,"k":[0.223528977936,0.192156967462,0.674509983437,1],"ix":3},"o":{"a":0,"k":100,"ix":4},"w":{"a":0,"k":1,"ix":5},"lc":2,"lj":2,"nm":"Stroke 1","mn":"ADBE Vector Graphic - Stroke","hd":false},{"ty":"fl","c":{"a":0,"k":[1,1,1,1],"ix":4},"o":{"a":0,"k":100,"ix":5},"r":1,"nm":"Fill 1","mn":"ADBE Vector Graphic - Fill","hd":false},{"ty":"tr","p":{"a":0,"k":[29.69,21.555],"ix":2},"a":{"a":0,"k":[0,0],"ix":1},"s":{"a":0,"k":[100,100],"ix":3},"r":{"a":0,"k":0,"ix":6},"o":{"a":0,"k":100,"ix":7},"sk":{"a":0,"k":0,"ix":4},"sa":{"a":0,"k":0,"ix":5},"nm":"Transform"}],"nm":"Group 2","np":3,"cix":2,"ix":1,"mn":"ADBE Vector Group","hd":false}],"ip":42,"op":132,"st":42,"bm":0},{"ddd":0,"ind":2,"ty":4,"nm":"book Outlines - Group 6","sr":1,"ks":{"o":{"a":0,"k":100,"ix":11},"r":{"a":0,"k":0,"ix":10},"p":{"a":0,"k":[294.491,234.977,0],"ix":2},"a":{"a":0,"k":[29.69,21.555,0],"ix":1},"s":{"a":0,"k":[700,700,100],"ix":6}},"ao":0,"shapes":[{"ty":"gr","it":[{"ind":0,"ty":"sh","ix":1,"ks":{"a":1,"k":[{"i":{"x":0.667,"y":1},"o":{"x":0.333,"y":0},"n":"0p667_1_0p333_0","t":28,"s":[{"i":[[0,0],[0,0],[0,0],[0,0],[0,0],[0,0]],"o":[[0,0],[0,0],[0,0],[0,0],[0,0],[0,0]],"v":[[6.355,7.827],[0.001,7.827],[-6.355,7.827],[-6.355,-7.827],[0.365,-7.827],[6.355,-7.827]],"c":true}],"e":[{"i":[[0,0],[2.295,0.016],[0,0],[0,0],[-2.739,-0.035],[0,0]],"o":[[0,0],[-2.134,-0.015],[0,0],[0,0],[1.904,0.025],[0,0]],"v":[[0.424,7.816],[-3.007,6.554],[-6.355,7.827],[-6.355,-7.827],[-2.76,-9.104],[0.407,-7.831]],"c":true}]},{"i":{"x":0.667,"y":1},"o":{"x":0.333,"y":0},"n":"0p667_1_0p333_0","t":36,"s":[{"i":[[0,0],[2.295,0.016],[0,0],[0,0],[-2.739,-0.035],[0,0]],"o":[[0,0],[-2.134,-0.015],[0,0],[0,0],[1.904,0.025],[0,0]],"v":[[0.424,7.816],[-3.007,6.554],[-6.355,7.827],[-6.355,-7.827],[-2.76,-9.104],[0.407,-7.831]],"c":true}],"e":[{"i":[[0,0],[-0.969,-0.837],[0,0],[0,0],[1.021,0.945],[0,0]],"o":[[0,0],[1.256,1.085],[0,0],[0,0],[-0.942,-0.872],[0,0]],"v":[[-10.178,4.295],[-8.379,6.418],[-6.355,7.827],[-6.355,-7.827],[-8.163,-8.941],[-10.253,-11.427]],"c":true}]},{"i":{"x":0.667,"y":1},"o":{"x":0.333,"y":0},"n":"0p667_1_0p333_0","t":42,"s":[{"i":[[0,0],[-0.969,-0.837],[0,0],[0,0],[1.021,0.945],[0,0]],"o":[[0,0],[1.256,1.085],[0,0],[0,0],[-0.942,-0.872],[0,0]],"v":[[-10.178,4.295],[-8.379,6.418],[-6.355,7.827],[-6.355,-7.827],[-8.163,-8.941],[-10.253,-11.427]],"c":true}],"e":[{"i":[[0,0],[-1.686,-0.543],[0,0],[0,0],[2.632,0.689],[0,0]],"o":[[0,0],[2.135,0.688],[0,0],[0,0],[-0.745,-0.195],[0,0]],"v":[[-13.708,5.688],[-10.17,6.975],[-6.355,7.827],[-6.355,-7.827],[-10.095,-8.507],[-13.781,-9.993]],"c":true}]},{"i":{"x":0.667,"y":1},"o":{"x":0.333,"y":0},"n":"0p667_1_0p333_0","t":44,"s":[{"i":[[0,0],[-1.686,-0.543],[0,0],[0,0],[2.632,0.689],[0,0]],"o":[[0,0],[2.135,0.688],[0,0],[0,0],[-0.745,-0.195],[0,0]],"v":[[-13.708,5.688],[-10.17,6.975],[-6.355,7.827],[-6.355,-7.827],[-10.095,-8.507],[-13.781,-9.993]],"c":true}],"e":[{"i":[[0,0],[0,0],[0,0],[0,0],[0,0],[0,0]],"o":[[0,0],[0,0],[0,0],[0,0],[0,0],[0,0]],"v":[[-19.002,7.777],[-12.857,7.811],[-6.355,7.827],[-6.355,-7.827],[-12.993,-7.856],[-19.073,-7.843]],"c":true}]},{"i":{"x":0.667,"y":1},"o":{"x":0.333,"y":0},"n":"0p667_1_0p333_0","t":51,"s":[{"i":[[0,0],[0,0],[0,0],[0,0],[0,0],[0,0]],"o":[[0,0],[0,0],[0,0],[0,0],[0,0],[0,0]],"v":[[-19.002,7.777],[-12.857,7.811],[-6.355,7.827],[-6.355,-7.827],[-12.993,-7.856],[-19.073,-7.843]],"c":true}],"e":[{"i":[[0,0],[0,0],[0,0],[0,0],[0,0],[0,0]],"o":[[0,0],[0,0],[0,0],[0,0],[0,0],[0,0]],"v":[[-19.002,7.777],[-12.857,7.811],[-6.355,7.827],[-6.355,-7.827],[-12.993,-7.856],[-19.073,-7.843]],"c":true}]},{"t":75}],"ix":2},"nm":"Path 1","mn":"ADBE Vector Shape - Group","hd":false},{"ty":"st","c":{"a":0,"k":[0.223528977936,0.192156967462,0.674509983437,1],"ix":3},"o":{"a":0,"k":100,"ix":4},"w":{"a":0,"k":1,"ix":5},"lc":2,"lj":2,"nm":"Stroke 1","mn":"ADBE Vector Graphic - Stroke","hd":false},{"ty":"fl","c":{"a":0,"k":[1,1,1,1],"ix":4},"o":{"a":0,"k":100,"ix":5},"r":1,"nm":"Fill 1","mn":"ADBE Vector Graphic - Fill","hd":false},{"ty":"tr","p":{"a":0,"k":[29.69,21.555],"ix":2},"a":{"a":0,"k":[0,0],"ix":1},"s":{"a":0,"k":[100,100],"ix":3},"r":{"a":0,"k":0,"ix":6},"o":{"a":0,"k":100,"ix":7},"sk":{"a":0,"k":0,"ix":4},"sa":{"a":0,"k":0,"ix":5},"nm":"Transform"}],"nm":"Group 2","np":3,"cix":2,"ix":1,"mn":"ADBE Vector Group","hd":false}],"ip":28,"op":75,"st":28,"bm":0},{"ddd":0,"ind":3,"ty":4,"nm":"book Outlines - Group 5","sr":1,"ks":{"o":{"a":0,"k":100,"ix":11},"r":{"a":0,"k":0,"ix":10},"p":{"a":0,"k":[294.491,234.977,0],"ix":2},"a":{"a":0,"k":[29.69,21.555,0],"ix":1},"s":{"a":0,"k":[700,700,100],"ix":6}},"ao":0,"shapes":[{"ty":"gr","it":[{"ind":0,"ty":"sh","ix":1,"ks":{"a":1,"k":[{"i":{"x":0.833,"y":0.833},"o":{"x":0.167,"y":0.167},"n":"0p833_0p833_0p167_0p167","t":14,"s":[{"i":[[0,0],[0,0],[0,0],[0,0],[0,0],[0,0]],"o":[[0,0],[0,0],[0,0],[0,0],[0,0],[0,0]],"v":[[6.355,7.827],[0.001,7.827],[-6.355,7.827],[-6.355,-7.827],[0.365,-7.827],[6.355,-7.827]],"c":true}],"e":[{"i":[[0,0],[2.295,0.016],[0,0],[0,0],[-2.739,-0.035],[0,0]],"o":[[0,0],[-2.134,-0.015],[0,0],[0,0],[1.904,0.025],[0,0]],"v":[[0.424,7.816],[-3.007,6.554],[-6.355,7.827],[-6.355,-7.827],[-2.76,-9.104],[0.407,-7.831]],"c":true}]},{"i":{"x":0.833,"y":0.833},"o":{"x":0.167,"y":0.167},"n":"0p833_0p833_0p167_0p167","t":22,"s":[{"i":[[0,0],[2.295,0.016],[0,0],[0,0],[-2.739,-0.035],[0,0]],"o":[[0,0],[-2.134,-0.015],[0,0],[0,0],[1.904,0.025],[0,0]],"v":[[0.424,7.816],[-3.007,6.554],[-6.355,7.827],[-6.355,-7.827],[-2.76,-9.104],[0.407,-7.831]],"c":true}],"e":[{"i":[[0,0],[-0.969,-0.837],[0,0],[0,0],[1.021,0.945],[0,0]],"o":[[0,0],[1.256,1.085],[0,0],[0,0],[-0.942,-0.872],[0,0]],"v":[[-10.178,4.295],[-8.379,6.418],[-6.355,7.827],[-6.355,-7.827],[-8.163,-8.941],[-10.253,-11.427]],"c":true}]},{"i":{"x":0.833,"y":0.833},"o":{"x":0.167,"y":0.167},"n":"0p833_0p833_0p167_0p167","t":28,"s":[{"i":[[0,0],[-0.969,-0.837],[0,0],[0,0],[1.021,0.945],[0,0]],"o":[[0,0],[1.256,1.085],[0,0],[0,0],[-0.942,-0.872],[0,0]],"v":[[-10.178,4.295],[-8.379,6.418],[-6.355,7.827],[-6.355,-7.827],[-8.163,-8.941],[-10.253,-11.427]],"c":true}],"e":[{"i":[[0,0],[-1.686,-0.543],[0,0],[0,0],[2.632,0.689],[0,0]],"o":[[0,0],[2.135,0.688],[0,0],[0,0],[-0.745,-0.195],[0,0]],"v":[[-13.708,5.688],[-10.17,6.975],[-6.355,7.827],[-6.355,-7.827],[-10.095,-8.507],[-13.781,-9.993]],"c":true}]},{"i":{"x":0.833,"y":0.833},"o":{"x":0.167,"y":0.167},"n":"0p833_0p833_0p167_0p167","t":30,"s":[{"i":[[0,0],[-1.686,-0.543],[0,0],[0,0],[2.632,0.689],[0,0]],"o":[[0,0],[2.135,0.688],[0,0],[0,0],[-0.745,-0.195],[0,0]],"v":[[-13.708,5.688],[-10.17,6.975],[-6.355,7.827],[-6.355,-7.827],[-10.095,-8.507],[-13.781,-9.993]],"c":true}],"e":[{"i":[[0,0],[0,0],[0,0],[0,0],[0,0],[0,0]],"o":[[0,0],[0,0],[0,0],[0,0],[0,0],[0,0]],"v":[[-19.002,7.777],[-12.857,7.811],[-6.355,7.827],[-6.355,-7.827],[-12.993,-7.856],[-19.073,-7.843]],"c":true}]},{"i":{"x":0.833,"y":0.833},"o":{"x":0.167,"y":0.167},"n":"0p833_0p833_0p167_0p167","t":37,"s":[{"i":[[0,0],[0,0],[0,0],[0,0],[0,0],[0,0]],"o":[[0,0],[0,0],[0,0],[0,0],[0,0],[0,0]],"v":[[-19.002,7.777],[-12.857,7.811],[-6.355,7.827],[-6.355,-7.827],[-12.993,-7.856],[-19.073,-7.843]],"c":true}],"e":[{"i":[[0,0],[0,0],[0,0],[0,0],[0,0],[0,0]],"o":[[0,0],[0,0],[0,0],[0,0],[0,0],[0,0]],"v":[[-19.002,7.777],[-12.857,7.811],[-6.355,7.827],[-6.355,-7.827],[-12.993,-7.856],[-19.073,-7.843]],"c":true}]},{"t":75}],"ix":2},"nm":"Path 1","mn":"ADBE Vector Shape - Group","hd":false},{"ty":"st","c":{"a":0,"k":[0.223528977936,0.192156967462,0.674509983437,1],"ix":3},"o":{"a":0,"k":100,"ix":4},"w":{"a":0,"k":1,"ix":5},"lc":2,"lj":2,"nm":"Stroke 1","mn":"ADBE Vector Graphic - Stroke","hd":false},{"ty":"fl","c":{"a":0,"k":[1,1,1,1],"ix":4},"o":{"a":0,"k":100,"ix":5},"r":1,"nm":"Fill 1","mn":"ADBE Vector Graphic - Fill","hd":false},{"ty":"tr","p":{"a":0,"k":[29.69,21.555],"ix":2},"a":{"a":0,"k":[0,0],"ix":1},"s":{"a":0,"k":[100,100],"ix":3},"r":{"a":0,"k":0,"ix":6},"o":{"a":0,"k":100,"ix":7},"sk":{"a":0,"k":0,"ix":4},"sa":{"a":0,"k":0,"ix":5},"nm":"Transform"}],"nm":"Group 2","np":3,"cix":2,"ix":1,"mn":"ADBE Vector Group","hd":false}],"ip":14,"op":52,"st":14,"bm":0},{"ddd":0,"ind":4,"ty":4,"nm":"book Outlines - Group 4","sr":1,"ks":{"o":{"a":0,"k":100,"ix":11},"r":{"a":0,"k":0,"ix":10},"p":{"a":0,"k":[294.491,234.977,0],"ix":2},"a":{"a":0,"k":[29.69,21.555,0],"ix":1},"s":{"a":0,"k":[700,700,100],"ix":6}},"ao":0,"shapes":[{"ty":"gr","it":[{"ind":0,"ty":"sh","ix":1,"ks":{"a":1,"k":[{"i":{"x":0.667,"y":1},"o":{"x":0.167,"y":0.167},"n":"0p667_1_0p167_0p167","t":0,"s":[{"i":[[0,0],[0,0],[0,0],[0,0],[0,0],[0,0]],"o":[[0,0],[0,0],[0,0],[0,0],[0,0],[0,0]],"v":[[6.355,7.827],[0.001,7.827],[-6.355,7.827],[-6.355,-7.827],[0.365,-7.827],[6.355,-7.827]],"c":true}],"e":[{"i":[[0,0],[2.295,0.016],[0,0],[0,0],[-2.739,-0.035],[0,0]],"o":[[0,0],[-2.134,-0.015],[0,0],[0,0],[1.904,0.025],[0,0]],"v":[[0.424,7.816],[-3.007,6.554],[-6.355,7.827],[-6.355,-7.827],[-2.76,-9.104],[0.407,-7.831]],"c":true}]},{"i":{"x":0.667,"y":1},"o":{"x":0.333,"y":0},"n":"0p667_1_0p333_0","t":8,"s":[{"i":[[0,0],[2.295,0.016],[0,0],[0,0],[-2.739,-0.035],[0,0]],"o":[[0,0],[-2.134,-0.015],[0,0],[0,0],[1.904,0.025],[0,0]],"v":[[0.424,7.816],[-3.007,6.554],[-6.355,7.827],[-6.355,-7.827],[-2.76,-9.104],[0.407,-7.831]],"c":true}],"e":[{"i":[[0,0],[-0.969,-0.837],[0,0],[0,0],[1.021,0.945],[0,0]],"o":[[0,0],[1.256,1.085],[0,0],[0,0],[-0.942,-0.872],[0,0]],"v":[[-10.178,4.295],[-8.379,6.418],[-6.355,7.827],[-6.355,-7.827],[-8.163,-8.941],[-10.253,-11.427]],"c":true}]},{"i":{"x":0.667,"y":1},"o":{"x":0.333,"y":0},"n":"0p667_1_0p333_0","t":14,"s":[{"i":[[0,0],[-0.969,-0.837],[0,0],[0,0],[1.021,0.945],[0,0]],"o":[[0,0],[1.256,1.085],[0,0],[0,0],[-0.942,-0.872],[0,0]],"v":[[-10.178,4.295],[-8.379,6.418],[-6.355,7.827],[-6.355,-7.827],[-8.163,-8.941],[-10.253,-11.427]],"c":true}],"e":[{"i":[[0,0],[-1.686,-0.543],[0,0],[0,0],[2.632,0.689],[0,0]],"o":[[0,0],[2.135,0.688],[0,0],[0,0],[-0.745,-0.195],[0,0]],"v":[[-13.708,5.688],[-10.17,6.975],[-6.355,7.827],[-6.355,-7.827],[-10.095,-8.507],[-13.781,-9.993]],"c":true}]},{"i":{"x":0.667,"y":1},"o":{"x":0.333,"y":0},"n":"0p667_1_0p333_0","t":16,"s":[{"i":[[0,0],[-1.686,-0.543],[0,0],[0,0],[2.632,0.689],[0,0]],"o":[[0,0],[2.135,0.688],[0,0],[0,0],[-0.745,-0.195],[0,0]],"v":[[-13.708,5.688],[-10.17,6.975],[-6.355,7.827],[-6.355,-7.827],[-10.095,-8.507],[-13.781,-9.993]],"c":true}],"e":[{"i":[[0,0],[0,0],[0,0],[0,0],[0,0],[0,0]],"o":[[0,0],[0,0],[0,0],[0,0],[0,0],[0,0]],"v":[[-19.002,7.777],[-12.857,7.811],[-6.355,7.827],[-6.355,-7.827],[-12.993,-7.856],[-19.073,-7.843]],"c":true}]},{"i":{"x":0.667,"y":1},"o":{"x":0.333,"y":0},"n":"0p667_1_0p333_0","t":23,"s":[{"i":[[0,0],[0,0],[0,0],[0,0],[0,0],[0,0]],"o":[[0,0],[0,0],[0,0],[0,0],[0,0],[0,0]],"v":[[-19.002,7.777],[-12.857,7.811],[-6.355,7.827],[-6.355,-7.827],[-12.993,-7.856],[-19.073,-7.843]],"c":true}],"e":[{"i":[[0,0],[0,0],[0,0],[0,0],[0,0],[0,0]],"o":[[0,0],[0,0],[0,0],[0,0],[0,0],[0,0]],"v":[[-19.002,7.777],[-12.857,7.811],[-6.355,7.827],[-6.355,-7.827],[-12.993,-7.856],[-19.073,-7.843]],"c":true}]},{"t":75}],"ix":2},"nm":"Path 1","mn":"ADBE Vector Shape - Group","hd":false},{"ty":"st","c":{"a":0,"k":[0.223528977936,0.192156967462,0.674509983437,1],"ix":3},"o":{"a":0,"k":100,"ix":4},"w":{"a":0,"k":1,"ix":5},"lc":2,"lj":2,"nm":"Stroke 1","mn":"ADBE Vector Graphic - Stroke","hd":false},{"ty":"fl","c":{"a":0,"k":[1,1,1,1],"ix":4},"o":{"a":0,"k":100,"ix":5},"r":1,"nm":"Fill 1","mn":"ADBE Vector Graphic - Fill","hd":false},{"ty":"tr","p":{"a":0,"k":[29.69,21.555],"ix":2},"a":{"a":0,"k":[0,0],"ix":1},"s":{"a":0,"k":[100,100],"ix":3},"r":{"a":0,"k":0,"ix":6},"o":{"a":0,"k":100,"ix":7},"sk":{"a":0,"k":0,"ix":4},"sa":{"a":0,"k":0,"ix":5},"nm":"Transform"}],"nm":"Group 2","np":3,"cix":2,"ix":1,"mn":"ADBE Vector Group","hd":false}],"ip":0,"op":31,"st":0,"bm":0},{"ddd":0,"ind":5,"ty":4,"nm":"book Outlines - Group 2","sr":1,"ks":{"o":{"a":0,"k":100,"ix":11},"r":{"a":0,"k":0,"ix":10},"p":{"a":0,"k":[294.491,234.977,0],"ix":2},"a":{"a":0,"k":[29.69,21.555,0],"ix":1},"s":{"a":0,"k":[700,700,100],"ix":6}},"ao":0,"shapes":[{"ty":"gr","it":[{"ind":0,"ty":"sh","ix":1,"ks":{"a":0,"k":{"i":[[0,0],[0,0],[0,0],[0,0],[0,0],[0,0]],"o":[[0,0],[0,0],[0,0],[0,0],[0,0],[0,0]],"v":[[6.355,7.827],[0.001,7.827],[-6.355,7.827],[-6.355,-7.827],[0.365,-7.827],[6.355,-7.827]],"c":true},"ix":2},"nm":"Path 1","mn":"ADBE Vector Shape - Group","hd":false},{"ty":"st","c":{"a":0,"k":[0.223528977936,0.192156967462,0.674509983437,1],"ix":3},"o":{"a":0,"k":100,"ix":4},"w":{"a":0,"k":1,"ix":5},"lc":1,"lj":1,"ml":10,"ml2":{"a":0,"k":10,"ix":8},"nm":"Stroke 1","mn":"ADBE Vector Graphic - Stroke","hd":false},{"ty":"fl","c":{"a":0,"k":[1,1,1,1],"ix":4},"o":{"a":0,"k":100,"ix":5},"r":1,"nm":"Fill 1","mn":"ADBE Vector Graphic - Fill","hd":false},{"ty":"tr","p":{"a":0,"k":[29.69,21.555],"ix":2},"a":{"a":0,"k":[0,0],"ix":1},"s":{"a":0,"k":[100,100],"ix":3},"r":{"a":0,"k":0,"ix":6},"o":{"a":0,"k":100,"ix":7},"sk":{"a":0,"k":0,"ix":4},"sa":{"a":0,"k":0,"ix":5},"nm":"Transform"}],"nm":"Group 2","np":3,"cix":2,"ix":1,"mn":"ADBE Vector Group","hd":false}],"ip":0,"op":90,"st":0,"bm":0},{"ddd":0,"ind":6,"ty":4,"nm":"book Outlines - Group 3","sr":1,"ks":{"o":{"a":0,"k":100,"ix":11},"r":{"a":0,"k":0,"ix":10},"p":{"a":0,"k":[205.514,234.979,0],"ix":2},"a":{"a":0,"k":[16.979,21.556,0],"ix":1},"s":{"a":0,"k":[700,700,100],"ix":6}},"ao":0,"shapes":[{"ty":"gr","it":[{"ind":0,"ty":"sh","ix":1,"ks":{"a":0,"k":{"i":[[0,0],[0,0],[0,0],[0,0]],"o":[[0,0],[0,0],[0,0],[0,0]],"v":[[6.355,7.827],[-6.355,7.827],[-6.355,-7.827],[6.355,-7.827]],"c":true},"ix":2},"nm":"Path 1","mn":"ADBE Vector Shape - Group","hd":false},{"ty":"st","c":{"a":0,"k":[0.223528977936,0.192156967462,0.674509983437,1],"ix":3},"o":{"a":0,"k":100,"ix":4},"w":{"a":0,"k":1,"ix":5},"lc":1,"lj":1,"ml":10,"ml2":{"a":0,"k":10,"ix":8},"nm":"Stroke 1","mn":"ADBE Vector Graphic - Stroke","hd":false},{"ty":"fl","c":{"a":0,"k":[1,1,1,1],"ix":4},"o":{"a":0,"k":100,"ix":5},"r":1,"nm":"Fill 1","mn":"ADBE Vector Graphic - Fill","hd":false},{"ty":"tr","p":{"a":0,"k":[16.979,21.556],"ix":2},"a":{"a":0,"k":[0,0],"ix":1},"s":{"a":0,"k":[100,100],"ix":3},"r":{"a":0,"k":0,"ix":6},"o":{"a":0,"k":100,"ix":7},"sk":{"a":0,"k":0,"ix":4},"sa":{"a":0,"k":0,"ix":5},"nm":"Transform"}],"nm":"Group 3","np":3,"cix":2,"ix":1,"mn":"ADBE Vector Group","hd":false}],"ip":0,"op":90,"st":0,"bm":0},{"ddd":0,"ind":7,"ty":4,"nm":"Book","sr":1,"ks":{"o":{"a":0,"k":100,"ix":11},"r":{"a":0,"k":0,"ix":10},"p":{"a":0,"k":[250,299.42,0],"ix":2},"a":{"a":0,"k":[250,299.42,0],"ix":1},"s":{"a":0,"k":[100,100,100],"ix":6}},"ao":0,"shapes":[{"ty":"gr","it":[{"ty":"gr","it":[{"ind":0,"ty":"sh","ix":1,"ks":{"a":0,"k":{"i":[[0,0],[0,0],[0,0],[0,0]],"o":[[0,0],[0,0],[0,0],[0,0]],"v":[[1.314,2.146],[-1.314,2.146],[-1.314,-2.146],[1.314,-2.146]],"c":true},"ix":2},"nm":"Path 1","mn":"ADBE Vector Shape - Group","hd":false},{"ty":"st","c":{"a":0,"k":[0.223528981209,0.192156970501,0.674510002136,1],"ix":3},"o":{"a":0,"k":100,"ix":4},"w":{"a":0,"k":1,"ix":5},"lc":1,"lj":1,"ml":10,"ml2":{"a":0,"k":10,"ix":8},"nm":"Stroke 1","mn":"ADBE Vector Graphic - Stroke","hd":false},{"ty":"tr","p":{"a":0,"k":[16.134,31.529],"ix":2},"a":{"a":0,"k":[0,0],"ix":1},"s":{"a":0,"k":[100,100],"ix":3},"r":{"a":0,"k":0,"ix":6},"o":{"a":0,"k":100,"ix":7},"sk":{"a":0,"k":0,"ix":4},"sa":{"a":0,"k":0,"ix":5},"nm":"Transform"}],"nm":"Group 1","np":2,"cix":2,"ix":1,"mn":"ADBE Vector Group","hd":false},{"ty":"tr","p":{"a":0,"k":[199.599,304.793],"ix":2},"a":{"a":0,"k":[16.134,31.529],"ix":1},"s":{"a":0,"k":[700,700],"ix":3},"r":{"a":0,"k":0,"ix":6},"o":{"a":0,"k":100,"ix":7},"sk":{"a":0,"k":0,"ix":4},"sa":{"a":0,"k":0,"ix":5},"nm":"Transform"}],"nm":"book Outlines - Group 1","np":1,"cix":2,"ix":1,"mn":"ADBE Vector Group","hd":false},{"ty":"gr","it":[{"ty":"gr","it":[{"ind":0,"ty":"sh","ix":1,"ks":{"a":0,"k":{"i":[[0,0],[0,0],[1.512,0],[0,0],[0,0.8],[0,0]],"o":[[0,0],[0,1.513],[0,0],[-0.8,0],[0,0],[0,0]],"v":[[6.355,-2.327],[6.355,-0.411],[3.617,2.327],[-4.907,2.327],[-6.355,0.879],[-6.355,-2.327]],"c":false},"ix":2},"nm":"Path 1","mn":"ADBE Vector Shape - Group","hd":false},{"ty":"st","c":{"a":0,"k":[0.223528981209,0.192156970501,0.674510002136,1],"ix":3},"o":{"a":0,"k":100,"ix":4},"w":{"a":0,"k":1,"ix":5},"lc":1,"lj":1,"ml":10,"ml2":{"a":0,"k":10,"ix":8},"nm":"Stroke 1","mn":"ADBE Vector Graphic - Stroke","hd":false},{"ty":"tr","p":{"a":0,"k":[29.69,30.175],"ix":2},"a":{"a":0,"k":[0,0],"ix":1},"s":{"a":0,"k":[100,100],"ix":3},"r":{"a":0,"k":0,"ix":6},"o":{"a":0,"k":100,"ix":7},"sk":{"a":0,"k":0,"ix":4},"sa":{"a":0,"k":0,"ix":5},"nm":"Transform"}],"nm":"Group 4","np":2,"cix":2,"ix":1,"mn":"ADBE Vector Group","hd":false},{"ty":"tr","p":{"a":0,"k":[294.491,295.313],"ix":2},"a":{"a":0,"k":[29.69,30.175],"ix":1},"s":{"a":0,"k":[700,700],"ix":3},"r":{"a":0,"k":0,"ix":6},"o":{"a":0,"k":100,"ix":7},"sk":{"a":0,"k":0,"ix":4},"sa":{"a":0,"k":0,"ix":5},"nm":"Transform"}],"nm":"book Outlines - Group 4","np":1,"cix":2,"ix":2,"mn":"ADBE Vector Group","hd":false},{"ty":"gr","it":[{"ty":"gr","it":[{"ind":0,"ty":"sh","ix":1,"ks":{"a":0,"k":{"i":[[0,0],[0,0],[0.801,0],[0,0]],"o":[[0,0],[0,0.8],[0,0],[0,0]],"v":[[2.943,-1.827],[2.943,0.379],[1.494,1.827],[-2.943,1.827]],"c":false},"ix":2},"nm":"Path 1","mn":"ADBE Vector Shape - Group","hd":false},{"ty":"st","c":{"a":0,"k":[0.223528981209,0.192156970501,0.674510002136,1],"ix":3},"o":{"a":0,"k":100,"ix":4},"w":{"a":0,"k":1,"ix":5},"lc":1,"lj":1,"ml":10,"ml2":{"a":0,"k":10,"ix":8},"nm":"Stroke 1","mn":"ADBE Vector Graphic - Stroke","hd":false},{"ty":"tr","p":{"a":0,"k":[20.392,30.675],"ix":2},"a":{"a":0,"k":[0,0],"ix":1},"s":{"a":0,"k":[100,100],"ix":3},"r":{"a":0,"k":0,"ix":6},"o":{"a":0,"k":100,"ix":7},"sk":{"a":0,"k":0,"ix":4},"sa":{"a":0,"k":0,"ix":5},"nm":"Transform"}],"nm":"Group 5","np":2,"cix":2,"ix":1,"mn":"ADBE Vector Group","hd":false},{"ty":"tr","p":{"a":0,"k":[229.402,298.813],"ix":2},"a":{"a":0,"k":[20.392,30.675],"ix":1},"s":{"a":0,"k":[700,700],"ix":3},"r":{"a":0,"k":0,"ix":6},"o":{"a":0,"k":100,"ix":7},"sk":{"a":0,"k":0,"ix":4},"sa":{"a":0,"k":0,"ix":5},"nm":"Transform"}],"nm":"book Outlines - Group 5","np":1,"cix":2,"ix":3,"mn":"ADBE Vector Group","hd":false},{"ty":"gr","it":[{"ty":"gr","it":[{"ind":0,"ty":"sh","ix":1,"ks":{"a":0,"k":{"i":[[0,0],[0,0],[0,1.512],[0,0]],"o":[[0,0],[-1.512,0],[0,0],[0,0]],"v":[[2.098,1.827],[0.641,1.827],[-2.098,-0.911],[-2.098,-1.827]],"c":false},"ix":2},"nm":"Path 1","mn":"ADBE Vector Shape - Group","hd":false},{"ty":"st","c":{"a":0,"k":[0.223528981209,0.192156970501,0.674510002136,1],"ix":3},"o":{"a":0,"k":100,"ix":4},"w":{"a":0,"k":1,"ix":5},"lc":1,"lj":1,"ml":10,"ml2":{"a":0,"k":10,"ix":8},"nm":"Stroke 1","mn":"ADBE Vector Graphic - Stroke","hd":false},{"ty":"tr","p":{"a":0,"k":[12.722,30.675],"ix":2},"a":{"a":0,"k":[0,0],"ix":1},"s":{"a":0,"k":[100,100],"ix":3},"r":{"a":0,"k":0,"ix":6},"o":{"a":0,"k":100,"ix":7},"sk":{"a":0,"k":0,"ix":4},"sa":{"a":0,"k":0,"ix":5},"nm":"Transform"}],"nm":"Group 6","np":2,"cix":2,"ix":1,"mn":"ADBE Vector Group","hd":false},{"ty":"tr","p":{"a":0,"k":[175.71,298.815],"ix":2},"a":{"a":0,"k":[12.722,30.675],"ix":1},"s":{"a":0,"k":[700,700],"ix":3},"r":{"a":0,"k":0,"ix":6},"o":{"a":0,"k":100,"ix":7},"sk":{"a":0,"k":0,"ix":4},"sa":{"a":0,"k":0,"ix":5},"nm":"Transform"}],"nm":"book Outlines - Group 6","np":1,"cix":2,"ix":4,"mn":"ADBE Vector Group","hd":false}],"ip":0,"op":90,"st":0,"bm":0}],"markers":[]}